{
  "id": "8644b009-2d10-4ae4-8e16-cf6e85904138",
  "generation": 1,
  "iteration": 4,
  "current_iteration": 5,
  "metrics": {
    "score": 0.976005,
    "combined_score": 0.976005,
    "compile_success": 1.0,
    "correctness": 1,
    "performance_score": 0.962845,
    "adaptability_score": 0.995745,
    "avg_time": 0.00385893
  },
  "language": "unknown",
  "timestamp": 1773767791.9600174,
  "saved_at": 1773767813.7255664
}