{"island_feature_maps": [{"4-4-4": "a53b6114-328c-4f33-9632-e29bdf09432d", "7-7-7": "1d84febf-5001-4238-84af-a9d7bc88d86e"}, {"7-7-7": "e8d080d1-63a0-4236-add9-b9f5be05dae9"}, {"5-4-5": "1a35a7ac-ea50-4da0-ac6c-9beb37019184"}, {"7-7-7": "8644b009-2d10-4ae4-8e16-cf6e85904138"}], "islands": [["a53b6114-328c-4f33-9632-e29bdf09432d", "1d84febf-5001-4238-84af-a9d7bc88d86e"], ["e8d080d1-63a0-4236-add9-b9f5be05dae9"], ["1a35a7ac-ea50-4da0-ac6c-9beb37019184"], ["8644b009-2d10-4ae4-8e16-cf6e85904138"]], "archive": ["a53b6114-328c-4f33-9632-e29bdf09432d", "e8d080d1-63a0-4236-add9-b9f5be05dae9", "1d84febf-5001-4238-84af-a9d7bc88d86e", "8644b009-2d10-4ae4-8e16-cf6e85904138", "1a35a7ac-ea50-4da0-ac6c-9beb37019184"], "best_program_id": "8644b009-2d10-4ae4-8e16-cf6e85904138", "island_best_programs": ["1d84febf-5001-4238-84af-a9d7bc88d86e", "e8d080d1-63a0-4236-add9-b9f5be05dae9", "1a35a7ac-ea50-4da0-ac6c-9beb37019184", "8644b009-2d10-4ae4-8e16-cf6e85904138"], "last_iteration": 5, "current_island": 0, "island_generations": [1, 2, 1, 1], "last_migration_generation": 0, "feature_stats": {"score": {"min": 0.0, "max": 0.976005, "values": [0.0, 0.7036084, 0.7017026000000001, 0.46567959999999997, 0.976005, 0.9757912]}, "performance_score": {"min": 0.0, "max": 0.962845, "values": [0.0, 0.625004, 0.622645, 0.381018, 0.962845, 0.962512]}, "adaptability_score": {"min": 0.0, "max": 0.995745, "values": [0.0, 0.821515, 0.820289, 0.592672, 0.995745, 0.99571]}}}