{
  "id": "339120b0-659b-4708-9e42-70517a480bda",
  "generation": 3,
  "iteration": 24,
  "current_iteration": 50,
  "metrics": {
    "score": 0.99728,
    "combined_score": 0.99728,
    "compile_success": 1.0,
    "correctness": 1,
    "performance_score": 0.995962,
    "adaptability_score": 0.999257,
    "avg_time": 0.00040542
  },
  "language": "unknown",
  "timestamp": 1773798880.753974,
  "saved_at": 1773799725.0175548
}