{
  "id": "67b1455d-1f1f-421e-95d9-5186a477443f",
  "generation": 5,
  "iteration": 95,
  "current_iteration": 100,
  "metrics": {
    "score": 0.997369,
    "combined_score": 0.997369,
    "compile_success": 1.0,
    "correctness": 1,
    "performance_score": 0.996091,
    "adaptability_score": 0.999286,
    "avg_time": 0.000392396
  },
  "language": "unknown",
  "timestamp": 1773801112.4646952,
  "saved_at": 1773801294.2642539
}