{
  "id": "5fb82ac0-259f-47c2-a5d9-dac14ac834ac",
  "generation": 0,
  "iteration": 0,
  "current_iteration": 5,
  "metrics": {
    "validity": 1.0,
    "sum_radii": 0.9597642169962064,
    "target_ratio": 0.36423689449571406,
    "combined_score": 0.36423689449571406,
    "radius_variance": 0.026599407523434117,
    "spatial_spread": 0.23809223949931868
  },
  "language": "python",
  "timestamp": 1771872845.3452623,
  "saved_at": 1771873311.9172342
}