{
  "id": "d1f994ff-9758-4525-8506-367ae21cd785",
  "generation": 7,
  "iteration": 58,
  "current_iteration": 60,
  "metrics": {
    "score": 0.9892779896934779,
    "combined_score": 0.9892779896934779,
    "compile_success": 1.0,
    "correctness": 1,
    "performance_score": 0.9834400419540243,
    "adaptability_score": 0.9980349113026582,
    "avg_time": 0.0016838807999999996,
    "memory_safe": 1.0
  },
  "language": "rust",
  "timestamp": 1772739355.2477212,
  "saved_at": 1772739368.1004465
}