{
  "id": "7b759b8b-3b78-41a8-b026-31a815a7d012",
  "generation": 3,
  "iteration": 47,
  "current_iteration": 50,
  "metrics": {
    "validity": 1.0,
    "sum_radii": 2.542227022812729,
    "target_ratio": 0.9647920390181136,
    "combined_score": 0.9647920390181136,
    "radius_variance": 0.007794240514363774,
    "spatial_spread": 0.16376926453139745,
    "eval_time": 4.148847579956055
  },
  "language": "python",
  "timestamp": 1771869866.513997,
  "saved_at": 1771869890.4148862
}