{
  "id": "5204efc0-43eb-445e-b3a9-e32b755a3326",
  "generation": 2,
  "iteration": 14,
  "current_iteration": 15,
  "metrics": {
    "validity": 1.0,
    "sum_radii": 2.6310023218789844,
    "target_ratio": 0.9984828546030302,
    "combined_score": 0.9984828546030302,
    "radius_variance": 0.004323784633390107,
    "spatial_spread": 0.18689925915664796,
    "eval_time": 7.535369873046875
  },
  "language": "python",
  "timestamp": 1772001291.4477396,
  "saved_at": 1772001425.0080152
}