{
  "id": "c217d139-040a-4152-b96a-60bb3d72a5ae",
  "generation": 2,
  "iteration": 8,
  "current_iteration": 15,
  "metrics": {
    "score": 0.9990683181482525,
    "combined_score": 0.9990683181482525,
    "compile_success": 1.0,
    "correctness": 1,
    "performance_score": 0.9985552204082478,
    "adaptability_score": 0.9998379647582593,
    "avg_time": 0.00014468699999999998,
    "memory_safe": 1.0
  },
  "language": "rust",
  "timestamp": 1772732222.9785838,
  "saved_at": 1772732572.1733065
}