{"island_feature_maps": [{"4-4-4": "7a9b16b1-cab5-4634-ad92-15a79a3e9842", "7-7-7": "dfd950da-5492-4e1b-83cc-bb977805db1f"}, {"7-7-7": "3beb047a-f4df-4f3c-b86d-d358473d054f"}, {"7-7-7": "132eff76-fbe5-480e-a049-64efefe70382"}, {"7-7-7": "c217d139-040a-4152-b96a-60bb3d72a5ae"}], "islands": [["dfd950da-5492-4e1b-83cc-bb977805db1f", "7a9b16b1-cab5-4634-ad92-15a79a3e9842"], ["0b7715a8-4d82-4fcc-8831-799adad4d6f7", "3beb047a-f4df-4f3c-b86d-d358473d054f", "ba2f5761-48d7-4c3f-b1f8-1a49cf84f11e"], ["dc57c504-2ffd-405b-9eab-46232ac6d72a", "132eff76-fbe5-480e-a049-64efefe70382"], ["aa7c49bc-b0bb-4758-9db4-386feb4f9aec", "c217d139-040a-4152-b96a-60bb3d72a5ae", "7b29304c-dfab-4db7-bb73-8d5cf809a1e5"]], "archive": ["7a9b16b1-cab5-4634-ad92-15a79a3e9842", "ba2f5761-48d7-4c3f-b1f8-1a49cf84f11e", "dfd950da-5492-4e1b-83cc-bb977805db1f", "3beb047a-f4df-4f3c-b86d-d358473d054f", "c217d139-040a-4152-b96a-60bb3d72a5ae", "aa7c49bc-b0bb-4758-9db4-386feb4f9aec", "0b7715a8-4d82-4fcc-8831-799adad4d6f7", "dc57c504-2ffd-405b-9eab-46232ac6d72a", "132eff76-fbe5-480e-a049-64efefe70382", "7b29304c-dfab-4db7-bb73-8d5cf809a1e5"], "best_program_id": "c217d139-040a-4152-b96a-60bb3d72a5ae", "island_best_programs": ["dfd950da-5492-4e1b-83cc-bb977805db1f", "3beb047a-f4df-4f3c-b86d-d358473d054f", "132eff76-fbe5-480e-a049-64efefe70382", "c217d139-040a-4152-b96a-60bb3d72a5ae"], "last_iteration": 15, "current_island": 0, "island_generations": [3, 4, 4, 4], "last_migration_generation": 0, "feature_stats": {"score": {"min": 0.9810571294795531, "max": 0.9990683181482525, "values": [0.9810571294795531, 0.9987449028359339, 0.9988614784007699, 0.9987513252014203, 0.9987547824858535, 0.9986751307609341, 0.9990683181482525, 0.9986502460930693, 0.9988816273394345, 0.9986332413826255, 0.9988066007624848, 0.9988441600814264, 0.9988967219014908, 0.9990223740154194, 0.9989699539473877, 0.9990027487738633]}, "performance_score": {"min": 0.9733070663581204, "max": 0.9985552204082478, "values": [0.9733070663581204, 0.9980369740502213, 0.9982399432616387, 0.9980478782330489, 0.9980511255282035, 0.9979282311371831, 0.9985552204082478, 0.9978841861600847, 0.9982705162959276, 0.997859129161313, 0.998136379565713, 0.9982060540258864, 0.998292849347117, 0.9984861950796399, 0.9983868713883575, 0.9984530786730565]}, "adaptability_score": {"min": 0.9926822241617023, "max": 0.9998445777859332, "values": [0.9926822241617023, 0.9998067960145025, 0.9997937811094667, 0.9998064956539775, 0.9998102679223283, 0.9997954801965606, 0.9998379647582593, 0.9997993359925464, 0.9997982939046952, 0.9997944097145944, 0.9998119325576426, 0.9998013191647364, 0.9998025307330515, 0.9998266424190888, 0.9998445777859332, 0.9998272539250737]}}}