{
  "id": "d599ae43-bc56-4d34-b79e-424f4dd2f5fb",
  "generation": 4,
  "iteration": 19,
  "current_iteration": 25,
  "metrics": {
    "score": 0.9790196,
    "combined_score": 0.9790196,
    "compile_success": 1.0,
    "correctness": 1,
    "performance_score": 0.967666,
    "adaptability_score": 0.99605,
    "avg_time": 0.00334149
  },
  "language": "unknown",
  "timestamp": 1773763993.2652113,
  "saved_at": 1773764378.698599
}