{
  "id": "70ce91fb-a49b-4f5c-834a-0d2907ba1f54",
  "generation": 4,
  "iteration": 54,
  "current_iteration": 60,
  "metrics": {
    "validity": 1.0,
    "sum_radii": 2.63585483878355,
    "target_ratio": 1.0003244169956547,
    "combined_score": 1.0003244169956547,
    "radius_variance": 0.0044919592721311625,
    "spatial_spread": 0.18837503512412743,
    "eval_time": 38.92074990272522
  },
  "language": "python",
  "timestamp": 1771904580.6601179,
  "saved_at": 1771904907.483094
}