{
  "id": "186543c7-7356-43b3-8be7-65d62beb5983",
  "generation": 1,
  "iteration": 8,
  "current_iteration": 10,
  "metrics": {
    "validity": 1.0,
    "sum_radii": 2.6275674293879363,
    "target_ratio": 0.9971792900902985,
    "combined_score": 0.9971792900902985,
    "radius_variance": 0.005284536036988559,
    "spatial_spread": 0.2035534094897287,
    "eval_time": 1.8164517879486084
  },
  "language": "python",
  "timestamp": 1771901939.266966,
  "saved_at": 1771902149.2012744
}