{
  "id": "adb8d046-c260-4eca-a830-60fffae6c119",
  "generation": 7,
  "iteration": 29,
  "timestamp": 1773768683.3416967,
  "parent_id": "0d440e0f-dc88-48e4-a0dc-f5c8098f91a7",
  "metrics": {
    "score": 0.9819370000000001,
    "combined_score": 0.9819370000000001,
    "compile_success": 1.0,
    "correctness": 1,
    "performance_score": 0.972295,
    "adaptability_score": 0.9964,
    "avg_time": 0.00284947
  },
  "language": "unknown",
  "saved_at": 1773771531.6224864
}