{
  "id": "44bf790f-b249-4412-9ccb-a7db8af0215e",
  "generation": 3,
  "iteration": 13,
  "current_iteration": 20,
  "metrics": {
    "score": 0.9972734000000001,
    "combined_score": 0.9972734000000001,
    "compile_success": 1.0,
    "correctness": 1,
    "performance_score": 0.995959,
    "adaptability_score": 0.999245,
    "avg_time": 0.000405699
  },
  "language": "unknown",
  "timestamp": 1773798618.5167716,
  "saved_at": 1773798793.9444277
}