{
  "id": "4d9ebb1b-584f-46a5-a8d1-e7c198c05c62",
  "generation": 6,
  "iteration": 98,
  "current_iteration": 150,
  "metrics": {
    "score": 0.9895311883066438,
    "combined_score": 0.9895311883066438,
    "compile_success": 1.0,
    "correctness": 1,
    "performance_score": 0.9838230265060292,
    "adaptability_score": 0.9980934310075656,
    "avg_time": 0.0016442971000000001,
    "memory_safe": 1.0
  },
  "language": "rust",
  "timestamp": 1772740875.9960566,
  "saved_at": 1772742921.4818256
}