{
  "id": "ef52bb1f-20af-439e-a838-7bd76f99584e",
  "generation": 2,
  "iteration": 27,
  "timestamp": 1772004583.4131746,
  "parent_id": "1c2fde25-a01a-48b7-9330-f90bbb5571d3",
  "metrics": {
    "validity": 1.0,
    "sum_radii": 2.632731392021758,
    "target_ratio": 0.9991390482056008,
    "combined_score": 0.9991390482056008,
    "radius_variance": 0.0044984504679215645,
    "spatial_spread": 0.1884811051012101,
    "eval_time": 8.841726779937744
  },
  "language": "python",
  "saved_at": 1772004807.9958487
}