{
  "id": "a7f7b77f-571f-4037-9e02-5563fedc4d18",
  "generation": 2,
  "iteration": 5,
  "current_iteration": 5,
  "metrics": {
    "score": 0.9254754,
    "combined_score": 0.9254754,
    "compile_success": 1.0,
    "correctness": 1,
    "performance_score": 0.890511,
    "adaptability_score": 0.977922,
    "avg_time": 0.0122951
  },
  "language": "unknown",
  "timestamp": 1772750757.2423055,
  "saved_at": 1772750757.254928
}