{
  "id": "5517051a-7f7e-43b5-919a-6415b17a0e6b",
  "generation": 3,
  "iteration": 21,
  "timestamp": 1772001813.9967299,
  "parent_id": "5204efc0-43eb-445e-b3a9-e32b755a3326",
  "metrics": {
    "validity": 1.0,
    "sum_radii": 2.6337856510544024,
    "target_ratio": 0.9995391465102097,
    "combined_score": 0.9995391465102097,
    "radius_variance": 0.004889839818157544,
    "spatial_spread": 0.1856384046512108,
    "eval_time": 6.595567464828491
  },
  "language": "python",
  "saved_at": 1772002486.4111283
}