{
  "id": "0e28271b-a651-44ec-af22-84a373ea457a",
  "generation": 2,
  "iteration": 14,
  "current_iteration": 20,
  "metrics": {
    "validity": 1.0,
    "sum_radii": 2.6331524161544184,
    "target_ratio": 0.999298829660121,
    "combined_score": 0.999298829660121,
    "radius_variance": 0.004920736423024544,
    "spatial_spread": 0.18567601166702546,
    "eval_time": 10.272722244262695
  },
  "language": "python",
  "timestamp": 1771902338.440127,
  "saved_at": 1771902622.3728297
}