{
  "id": "e9d37aa0-cb1d-4916-a75e-5eefefa44553",
  "generation": 4,
  "iteration": 12,
  "current_iteration": 20,
  "metrics": {
    "score": 0.9784232,
    "combined_score": 0.9784232,
    "compile_success": 1.0,
    "correctness": 1,
    "performance_score": 0.96669,
    "adaptability_score": 0.996023,
    "avg_time": 0.00344579
  },
  "language": "unknown",
  "timestamp": 1773763567.640198,
  "saved_at": 1773763933.4423056
}