{
  "id": "b02350fa-308e-4abf-80ff-b6673f623fa7",
  "generation": 2,
  "iteration": 5,
  "current_iteration": 5,
  "metrics": {
    "score": 0.9766598,
    "combined_score": 0.9766598,
    "compile_success": 1.0,
    "correctness": 1,
    "performance_score": 0.963961,
    "adaptability_score": 0.995708,
    "avg_time": 0.00373865
  },
  "language": "unknown",
  "timestamp": 1773798359.6946716,
  "saved_at": 1773798359.7036521
}