{"island_feature_maps": [{"4-4-4": "a3b207c1-6f8f-4666-a573-31330b5dec06", "6-5-6": "ea0428c6-42b4-47f8-ad37-2dbb0360ad39"}, {"7-7-7": "b02350fa-308e-4abf-80ff-b6673f623fa7"}, {}, {}], "islands": [["a3b207c1-6f8f-4666-a573-31330b5dec06", "ea0428c6-42b4-47f8-ad37-2dbb0360ad39"], ["b02350fa-308e-4abf-80ff-b6673f623fa7"], [], []], "archive": ["a3b207c1-6f8f-4666-a573-31330b5dec06", "ea0428c6-42b4-47f8-ad37-2dbb0360ad39", "b02350fa-308e-4abf-80ff-b6673f623fa7"], "best_program_id": "b02350fa-308e-4abf-80ff-b6673f623fa7", "island_best_programs": ["ea0428c6-42b4-47f8-ad37-2dbb0360ad39", "b02350fa-308e-4abf-80ff-b6673f623fa7", null, null], "last_iteration": 5, "current_island": 0, "island_generations": [1, 2, 0, 0], "last_migration_generation": 0, "feature_stats": {"score": {"min": 0.0, "max": 0.9766598, "values": [0.0, 0.9251765999999999, 0.7033306, 0.9766598]}, "performance_score": {"min": 0.0, "max": 0.963961, "values": [0.0, 0.890955, 0.624869, 0.963961]}, "adaptability_score": {"min": 0.0, "max": 0.995708, "values": [0.0, 0.976509, 0.821023, 0.995708]}}}