{
  "id": "dc9abfd5-e305-408c-9839-0a00a6f5a7e7",
  "generation": 2,
  "iteration": 37,
  "current_iteration": 35,
  "metrics": {
    "score": 0.9782662,
    "combined_score": 0.9782662,
    "compile_success": 1.0,
    "correctness": 1,
    "performance_score": 0.966437,
    "adaptability_score": 0.99601,
    "avg_time": 0.00347284
  },
  "language": "unknown",
  "timestamp": 1772751780.2017043,
  "saved_at": 1772751819.04696
}