{
  "id": "47e3ae85-fa73-4aea-8c50-3321afa0849c",
  "generation": 4,
  "iteration": 76,
  "current_iteration": 80,
  "metrics": {
    "validity": 1.0,
    "sum_radii": 2.6253538335542674,
    "target_ratio": 0.9963392157701205,
    "combined_score": 0.9963392157701205,
    "radius_variance": 0.005778841322947726,
    "spatial_spread": 0.1995975676805974,
    "eval_time": 0.7839124202728271
  },
  "language": "python",
  "timestamp": 1771624643.0413072,
  "saved_at": 1771624702.6721342
}