{
  "id": "188c00fe-3ca7-493c-b606-b6281a54dc13",
  "generation": 1,
  "iteration": 2,
  "current_iteration": 5,
  "metrics": {
    "validity": 1.0,
    "sum_radii": 2.6133971854936484,
    "target_ratio": 0.9918015884226371,
    "combined_score": 0.9918015884226371,
    "radius_variance": 0.005963544348468252,
    "spatial_spread": 0.1924858300839832,
    "eval_time": 1.3434545993804932
  },
  "language": "python",
  "timestamp": 1772002768.012854,
  "saved_at": 1772003058.4012794
}