{
  "id": "b3e4e50e-f0f5-4e08-8caf-b3c4af7248fa",
  "generation": 4,
  "iteration": 81,
  "timestamp": 1771877378.4760113,
  "parent_id": "8611e8ad-a3cc-4f47-af02-50fba630c289",
  "metrics": {
    "validity": 1.0,
    "sum_radii": 2.63087295185359,
    "target_ratio": 0.9984337578191993,
    "combined_score": 0.9984337578191993,
    "radius_variance": 0.004493788267286105,
    "spatial_spread": 0.19209106056641073,
    "eval_time": 53.914138078689575
  },
  "language": "python",
  "saved_at": 1771878241.0607169
}