{
  "id": "8023910f-c41c-41e0-9bb6-efeea179c7dc",
  "generation": 3,
  "iteration": 24,
  "current_iteration": 25,
  "metrics": {
    "validity": 1.0,
    "sum_radii": 2.632319152916365,
    "target_ratio": 0.9989826007272734,
    "combined_score": 0.9989826007272734,
    "radius_variance": 0.004412537439785224,
    "spatial_spread": 0.19604620031954142,
    "eval_time": 10.36795163154602
  },
  "language": "python",
  "timestamp": 1771889005.632392,
  "saved_at": 1771889036.3272235
}