{
  "id": "d0bc674f-eeff-48f9-8ddf-df57d212ae95",
  "generation": 0,
  "iteration": 0,
  "current_iteration": 15,
  "metrics": {
    "validity": 1.0,
    "sum_radii": 0.9597642169962064,
    "target_ratio": 0.36423689449571406,
    "combined_score": 0.36423689449571406,
    "radius_variance": 0.026599407523434117,
    "spatial_spread": 0.23809223949931868
  },
  "language": "python",
  "timestamp": 1771879402.2788286,
  "saved_at": 1771880322.0817285
}