{
  "id": "6240ee50-22a8-4992-8b71-2bff1780b9ce",
  "generation": 4,
  "iteration": 54,
  "current_iteration": 60,
  "metrics": {
    "validity": 1.0,
    "sum_radii": 2.5965543088524017,
    "target_ratio": 0.9854096048775719,
    "combined_score": 0.9854096048775719,
    "radius_variance": 0.005220118388967959,
    "spatial_spread": 0.18819200975471584,
    "eval_time": 34.25469255447388
  },
  "language": "python",
  "timestamp": 1771870072.8768036,
  "saved_at": 1771870088.5931616
}