{
  "id": "0c1601eb-4e28-4436-95a9-de5b2e769ecb",
  "generation": 3,
  "iteration": 25,
  "current_iteration": 25,
  "metrics": {
    "validity": 1.0,
    "sum_radii": 2.469351077580292,
    "target_ratio": 0.9371351338065625,
    "combined_score": 0.9371351338065625,
    "radius_variance": 0.001114111085140669,
    "spatial_spread": 0.19516092079393219,
    "eval_time": 2.223452091217041
  },
  "language": "python",
  "timestamp": 1771869407.3963153,
  "saved_at": 1771869407.4138596
}