{
  "id": "06cde668-224c-4e5a-be79-0003af5526ce",
  "generation": 1,
  "iteration": 1,
  "current_iteration": 10,
  "metrics": {
    "validity": 1.0,
    "sum_radii": 2.627825916565277,
    "target_ratio": 0.9972773876908073,
    "combined_score": 0.9972773876908073,
    "radius_variance": 0.005783322275226898,
    "spatial_spread": 0.1942390660902289,
    "eval_time": 2.977473497390747
  },
  "language": "python",
  "timestamp": 1772007708.1114943,
  "saved_at": 1772008187.0904462
}