{"island_feature_maps": [{"4-4-4": "30b47aeb-193f-4cc2-a3ac-74555649e5d7", "7-7-7": "79437f1c-1ba1-4d33-b5d9-708e98206fa5"}, {"7-7-7": "e9d37aa0-cb1d-4916-a75e-5eefefa44553"}, {"7-7-7": "789b86eb-ee4b-4aa4-adbf-c81206ae760f"}, {"7-7-7": "9807408a-ba59-400c-a678-5c988ae2a337"}], "islands": [["5625fb9a-3770-4c90-9314-0dbe8229c696", "30b47aeb-193f-4cc2-a3ac-74555649e5d7", "79437f1c-1ba1-4d33-b5d9-708e98206fa5"], ["e9d37aa0-cb1d-4916-a75e-5eefefa44553", "4a17f176-5ba5-4984-95aa-26ab0c7fe6e5"], ["789b86eb-ee4b-4aa4-adbf-c81206ae760f", "3fb9994e-b0de-4c00-a79c-2d971a3dfe51"], ["9807408a-ba59-400c-a678-5c988ae2a337", "75650122-af60-4b70-a46f-74e94c7ffebd"]], "archive": ["789b86eb-ee4b-4aa4-adbf-c81206ae760f", "4a17f176-5ba5-4984-95aa-26ab0c7fe6e5", "3fb9994e-b0de-4c00-a79c-2d971a3dfe51", "e9d37aa0-cb1d-4916-a75e-5eefefa44553", "75650122-af60-4b70-a46f-74e94c7ffebd", "9807408a-ba59-400c-a678-5c988ae2a337", "5625fb9a-3770-4c90-9314-0dbe8229c696", "30b47aeb-193f-4cc2-a3ac-74555649e5d7", "79437f1c-1ba1-4d33-b5d9-708e98206fa5"], "best_program_id": "e9d37aa0-cb1d-4916-a75e-5eefefa44553", "island_best_programs": ["79437f1c-1ba1-4d33-b5d9-708e98206fa5", "e9d37aa0-cb1d-4916-a75e-5eefefa44553", "789b86eb-ee4b-4aa4-adbf-c81206ae760f", "9807408a-ba59-400c-a678-5c988ae2a337"], "last_iteration": 15, "current_island": 0, "island_generations": [4, 5, 2, 4], "last_migration_generation": 0, "feature_stats": {"score": {"min": 0.1215258, "max": 0.9784232, "values": [0.1215258, 0.9306292, 0.922021, 0.9752015999999999, 0.9775452, 0.9779896, 0.9220626, 0.9780104000000001, 0.9782054, 0.9281524, 0.9784232, 0.9783968000000001, 0.9279652, 0.9780874, 0.9284218, 0.9782105999999999]}, "performance_score": {"min": 0.068677, "max": 0.96672, "values": [0.068677, 0.897834, 0.886267, 0.961298, 0.96521, 0.96601, 0.886443, 0.966118, 0.966367, 0.895022, 0.96669, 0.96672, 0.894822, 0.966187, 0.895017, 0.966437]}, "adaptability_score": {"min": 0.200799, "max": 0.996057, "values": [0.200799, 0.979822, 0.975652, 0.996057, 0.996048, 0.995959, 0.975492, 0.995849, 0.995963, 0.977848, 0.996023, 0.995912, 0.97768, 0.995938, 0.978529, 0.995871]}}}