{
  "id": "f68a7a8f-17f5-48f0-a983-fd6c368d1071",
  "generation": 4,
  "iteration": 24,
  "current_iteration": 25,
  "metrics": {
    "score": 0.9777975999999999,
    "combined_score": 0.9777975999999999,
    "compile_success": 1.0,
    "correctness": 1,
    "performance_score": 0.965698,
    "adaptability_score": 0.995947,
    "avg_time": 0.00355207
  },
  "language": "unknown",
  "timestamp": 1772751365.6629462,
  "saved_at": 1772751410.706757
}