{
  "id": "a008098e-17e4-4c4c-91ac-1615492ca8e5",
  "generation": 2,
  "iteration": 14,
  "timestamp": 1771993147.1922863,
  "parent_id": "91f38680-7dca-4c22-9eb4-c4179bdb9e1f",
  "metrics": {
    "validity": 1.0,
    "sum_radii": 2.635841806611956,
    "target_ratio": 1.0003194711999834,
    "combined_score": 1.0003194711999834,
    "radius_variance": 0.0044869611575509205,
    "spatial_spread": 0.18837208109497036,
    "eval_time": 5.680983066558838
  },
  "language": "python",
  "saved_at": 1771994015.3118944
}