{
  "id": "81cf2fff-6f35-4cf4-9d98-c37eb527847a",
  "generation": 1,
  "iteration": 7,
  "current_iteration": 5,
  "metrics": {
    "validity": 1.0,
    "sum_radii": 2.612016264095039,
    "target_ratio": 0.99127751958066,
    "combined_score": 0.99127751958066,
    "radius_variance": 0.0071423133226001,
    "spatial_spread": 0.21428188958072378,
    "eval_time": 1.341320276260376
  },
  "language": "python",
  "timestamp": 1771888033.5789492,
  "saved_at": 1771888060.5237215
}