{
  "id": "b85de2ef-afe5-4f6e-8464-19d9b1484e14",
  "generation": 3,
  "iteration": 9,
  "current_iteration": 10,
  "metrics": {
    "score": 0.9782054,
    "combined_score": 0.9782054,
    "compile_success": 1.0,
    "correctness": 1,
    "performance_score": 0.966367,
    "adaptability_score": 0.995963,
    "avg_time": 0.00348041
  },
  "language": "unknown",
  "timestamp": 1773763371.7808313,
  "saved_at": 1773763464.3010092
}