{"island_feature_maps": [{"4-4-4": "30b47aeb-193f-4cc2-a3ac-74555649e5d7", "7-7-7": "79437f1c-1ba1-4d33-b5d9-708e98206fa5"}, {"7-7-7": "b85de2ef-afe5-4f6e-8464-19d9b1484e14"}, {"7-7-7": "789b86eb-ee4b-4aa4-adbf-c81206ae760f"}, {"7-7-7": "f11cef2a-01a4-4792-a7f6-71f9e2313184"}], "islands": [["30b47aeb-193f-4cc2-a3ac-74555649e5d7", "79437f1c-1ba1-4d33-b5d9-708e98206fa5"], ["b85de2ef-afe5-4f6e-8464-19d9b1484e14"], ["789b86eb-ee4b-4aa4-adbf-c81206ae760f"], ["f11cef2a-01a4-4792-a7f6-71f9e2313184"]], "archive": ["789b86eb-ee4b-4aa4-adbf-c81206ae760f", "f11cef2a-01a4-4792-a7f6-71f9e2313184", "b85de2ef-afe5-4f6e-8464-19d9b1484e14", "30b47aeb-193f-4cc2-a3ac-74555649e5d7", "79437f1c-1ba1-4d33-b5d9-708e98206fa5"], "best_program_id": "b85de2ef-afe5-4f6e-8464-19d9b1484e14", "island_best_programs": ["79437f1c-1ba1-4d33-b5d9-708e98206fa5", "b85de2ef-afe5-4f6e-8464-19d9b1484e14", "789b86eb-ee4b-4aa4-adbf-c81206ae760f", "f11cef2a-01a4-4792-a7f6-71f9e2313184"], "last_iteration": 10, "current_island": 0, "island_generations": [3, 3, 1, 2], "last_migration_generation": 0, "feature_stats": {"score": {"min": 0.1215258, "max": 0.9782054, "values": [0.1215258, 0.9306292, 0.922021, 0.9752015999999999, 0.9775452, 0.9779896, 0.9220626, 0.9780104000000001, 0.9782054, 0.9281524]}, "performance_score": {"min": 0.068677, "max": 0.966367, "values": [0.068677, 0.897834, 0.886267, 0.961298, 0.96521, 0.96601, 0.886443, 0.966118, 0.966367, 0.895022]}, "adaptability_score": {"min": 0.200799, "max": 0.996057, "values": [0.200799, 0.979822, 0.975652, 0.996057, 0.996048, 0.995959, 0.975492, 0.995849, 0.995963, 0.977848]}}}