{
  "id": "f5243301-8d56-4e35-9758-e9ee9ec97d08",
  "generation": 1,
  "iteration": 5,
  "current_iteration": 10,
  "metrics": {
    "validity": 1.0,
    "sum_radii": 2.627735951047861,
    "target_ratio": 0.997243245179454,
    "combined_score": 0.997243245179454,
    "radius_variance": 0.0056799692883837665,
    "spatial_spread": 0.1926383909919444,
    "eval_time": 2.5425801277160645
  },
  "language": "python",
  "timestamp": 1772000788.2405407,
  "saved_at": 1772001122.3009636
}