{
  "id": "782230f2-b377-42b7-888d-4e3df4bff25f",
  "generation": 6,
  "iteration": 89,
  "current_iteration": 90,
  "metrics": {
    "validity": 1.0,
    "sum_radii": 2.6282124178900355,
    "target_ratio": 0.99742406751045,
    "combined_score": 0.99742406751045,
    "radius_variance": 0.005748415295966163,
    "spatial_spread": 0.19888575352688806,
    "eval_time": 0.9963831901550293
  },
  "language": "python",
  "timestamp": 1771624885.732124,
  "saved_at": 1771624907.0181518
}