{
  "id": "1b49d7a0-dcda-4cf9-9c26-715bf28ed1f4",
  "generation": 2,
  "iteration": 30,
  "current_iteration": 45,
  "metrics": {
    "validity": 1.0,
    "sum_radii": 2.635764608093434,
    "target_ratio": 1.0002901738495005,
    "combined_score": 1.0002901738495005,
    "radius_variance": 0.0044920861675467405,
    "spatial_spread": 0.1883040493377633,
    "eval_time": 14.199410200119019
  },
  "language": "python",
  "timestamp": 1771903315.7677891,
  "saved_at": 1771904174.1041112
}