{
  "id": "9a1a83ac-14b6-4e71-92e7-075e9e64cb9d",
  "generation": 4,
  "iteration": 27,
  "current_iteration": 30,
  "metrics": {
    "score": 0.98889876140848,
    "combined_score": 0.98889876140848,
    "compile_success": 1.0,
    "correctness": 1,
    "performance_score": 0.9828444317694205,
    "adaptability_score": 0.9979802558670692,
    "avg_time": 0.0017455019000000003,
    "memory_safe": 1.0
  },
  "language": "rust",
  "timestamp": 1772737951.5762458,
  "saved_at": 1772738174.344575
}