{
  "id": "91f38680-7dca-4c22-9eb4-c4179bdb9e1f",
  "generation": 1,
  "iteration": 6,
  "current_iteration": 5,
  "metrics": {
    "validity": 1.0,
    "sum_radii": 2.6259450186589617,
    "target_ratio": 0.9965635744436288,
    "combined_score": 0.9965635744436288,
    "radius_variance": 0.005968277872281852,
    "spatial_spread": 0.20399962273424302,
    "eval_time": 2.480874538421631
  },
  "language": "python",
  "timestamp": 1771992624.6558456,
  "saved_at": 1771992640.526069
}