{
  "id": "f28bb3e8-0dbf-4f8c-8484-1f9a2b837054",
  "generation": 3,
  "iteration": 20,
  "timestamp": 1771997448.1297176,
  "parent_id": "897341d3-7479-48bd-884a-d0691a4bb887",
  "metrics": {
    "validity": 1.0,
    "sum_radii": 2.6303533250586706,
    "target_ratio": 0.9982365559994956,
    "combined_score": 0.9982365559994956,
    "radius_variance": 0.0048428145097600735,
    "spatial_spread": 0.19822844418940908,
    "eval_time": 4.648360967636108
  },
  "language": "python",
  "saved_at": 1771998056.4851115
}