{
  "id": "ea12cb74-6908-4c73-80ae-b5b5ee3e8ced",
  "generation": 0,
  "iteration": 0,
  "timestamp": 1772727377.5990577,
  "parent_id": null,
  "metrics": {
    "score": 0.9800252346101542,
    "compile_success": 1.0,
    "correctness": 1,
    "performance_score": 0.9719275379773955,
    "adaptability_score": 0.9921717795592924,
    "avg_time": 0.0028883287,
    "memory_safe": 1.0
  },
  "language": "rust",
  "saved_at": 1772727759.558452
}