{
  "id": "474ed6bb-74ad-4af7-88c1-438198ca87be",
  "generation": 2,
  "iteration": 19,
  "current_iteration": 20,
  "metrics": {
    "validity": 1.0,
    "sum_radii": 2.4799999974,
    "target_ratio": 0.9411764696015181,
    "combined_score": 0.9411764696015181,
    "radius_variance": 0.0026130177514793003,
    "spatial_spread": 0.19506402403359718,
    "eval_time": 0.5115828514099121
  },
  "language": "python",
  "timestamp": 1771623263.7520168,
  "saved_at": 1771623324.0422547
}