{
  "id": "8db55305-9fcf-4c6c-bdf2-19f3e935d9f5",
  "generation": 3,
  "iteration": 19,
  "current_iteration": 30,
  "metrics": {
    "score": 0.9990692259523819,
    "combined_score": 0.9990692259523819,
    "compile_success": 1.0,
    "correctness": 1,
    "performance_score": 0.9985582416683495,
    "adaptability_score": 0.9998357023784306,
    "avg_time": 0.000144384,
    "memory_safe": 1.0
  },
  "language": "rust",
  "timestamp": 1772732746.4291933,
  "saved_at": 1772733191.4950824
}