{
  "id": "84f3c7a3-ac62-4ef2-ac8f-f9993136d12b",
  "generation": 1,
  "iteration": 7,
  "current_iteration": 15,
  "metrics": {
    "validity": 1.0,
    "sum_radii": 2.4139778519002677,
    "target_ratio": 0.9161206269071226,
    "combined_score": 0.9161206269071226,
    "radius_variance": 0.004611634661653166,
    "spatial_spread": 0.180562819285344,
    "eval_time": 0.6017420291900635
  },
  "language": "python",
  "timestamp": 1771623033.4769077,
  "saved_at": 1771623143.5099332
}