{
  "id": "dff0be96-c78c-4e83-9ee2-2c241d6369e1",
  "generation": 4,
  "iteration": 35,
  "current_iteration": 35,
  "metrics": {
    "score": 0.9792997999999999,
    "combined_score": 0.9792997999999999,
    "compile_success": 1.0,
    "correctness": 1,
    "performance_score": 0.968177,
    "adaptability_score": 0.995984,
    "avg_time": 0.0032869
  },
  "language": "unknown",
  "timestamp": 1773764870.2109733,
  "saved_at": 1773764870.231339
}