{
  "id": "a0d766b5-678c-4e33-8474-9e0b1c6cf548",
  "generation": 4,
  "iteration": 32,
  "current_iteration": 40,
  "metrics": {
    "validity": 1.0,
    "sum_radii": 2.58539664102689,
    "target_ratio": 0.981175195835632,
    "combined_score": 0.981175195835632,
    "radius_variance": 0.005030520802513598,
    "spatial_spread": 0.189992277519981,
    "eval_time": 18.698665618896484
  },
  "language": "python",
  "timestamp": 1771881218.670957,
  "saved_at": 1771881690.419568
}