{
  "id": "a9e9255f-fc3f-4f5b-9ab7-bf5f9cee27a8",
  "generation": 8,
  "iteration": 126,
  "current_iteration": 155,
  "metrics": {
    "score": 0.9973852000000001,
    "combined_score": 0.9973852000000001,
    "compile_success": 1.0,
    "correctness": 1,
    "performance_score": 0.99611,
    "adaptability_score": 0.999298,
    "avg_time": 0.000390511
  },
  "language": "unknown",
  "timestamp": 1773802105.9434469,
  "saved_at": 1773803049.3731925
}