{
  "id": "493b4cb5-66ff-41d1-9a76-e13e2c98d900",
  "generation": 2,
  "iteration": 42,
  "current_iteration": 60,
  "metrics": {
    "score": 0.978692,
    "combined_score": 0.978692,
    "compile_success": 1.0,
    "correctness": 1,
    "performance_score": 0.96708,
    "adaptability_score": 0.99611,
    "avg_time": 0.00340409
  },
  "language": "unknown",
  "timestamp": 1772752052.7116992,
  "saved_at": 1772752807.171151
}