{
  "id": "9aa16f02-3f0a-412f-a84a-b81e5127a35f",
  "generation": 2,
  "iteration": 15,
  "current_iteration": 15,
  "metrics": {
    "validity": 1.0,
    "sum_radii": 2.6358300927432183,
    "target_ratio": 1.0003150257090014,
    "combined_score": 1.0003150257090014,
    "radius_variance": 0.004506346462148506,
    "spatial_spread": 0.18837267423616727,
    "eval_time": 8.819303274154663
  },
  "language": "python",
  "timestamp": 1771995197.4237795,
  "saved_at": 1771995197.441925
}