{
  "id": "c622217a-1341-4571-9b45-20e7da0fb828",
  "generation": 1,
  "iteration": 43,
  "current_iteration": 45,
  "metrics": {
    "score": 0.979463,
    "combined_score": 0.979463,
    "compile_success": 1.0,
    "correctness": 1,
    "performance_score": 0.968405,
    "adaptability_score": 0.99605,
    "avg_time": 0.00326263
  },
  "language": "unknown",
  "timestamp": 1773765129.791886,
  "saved_at": 1773765229.1162722
}