{
  "id": "12fb2b8a-05f4-4dcc-95ea-ca5f45345a95",
  "generation": 4,
  "iteration": 92,
  "current_iteration": 100,
  "metrics": {
    "score": 0.979789,
    "combined_score": 0.979789,
    "compile_success": 1.0,
    "correctness": 1,
    "performance_score": 0.968863,
    "adaptability_score": 0.996178,
    "avg_time": 0.00321376
  },
  "language": "unknown",
  "timestamp": 1773767152.5243149,
  "saved_at": 1773767450.6233215
}