{
  "id": "e945e572-4307-43cf-9ca4-72899c2a0288",
  "generation": 3,
  "iteration": 7,
  "current_iteration": 10,
  "metrics": {
    "score": 0.9771108000000001,
    "combined_score": 0.9771108000000001,
    "compile_success": 1.0,
    "correctness": 1,
    "performance_score": 0.964764,
    "adaptability_score": 0.995631,
    "avg_time": 0.00365234
  },
  "language": "unknown",
  "timestamp": 1773798469.8614361,
  "saved_at": 1773798474.6835399
}