{
  "id": "8b44aa9f-e7e4-4892-b3cc-4e39537ea04d",
  "generation": 1,
  "iteration": 4,
  "current_iteration": 5,
  "metrics": {
    "validity": 1.0,
    "sum_radii": 2.627357715970181,
    "target_ratio": 0.9970997024554767,
    "combined_score": 0.9970997024554767,
    "radius_variance": 0.0058718085585836395,
    "spatial_spread": 0.19411585533528206,
    "eval_time": 3.0012362003326416
  },
  "language": "python",
  "timestamp": 1771998318.3793955,
  "saved_at": 1771998661.4446828
}