{
  "id": "f03de3a5-95e1-4784-8ebb-91e7dd7aa9a4",
  "generation": 3,
  "iteration": 47,
  "current_iteration": 70,
  "metrics": {
    "validity": 1.0,
    "sum_radii": 2.6359830846830907,
    "target_ratio": 1.0003730871662584,
    "combined_score": 1.0003730871662584,
    "radius_variance": 0.0045357071540326884,
    "spatial_spread": 0.18850623507256564,
    "eval_time": 18.565833806991577
  },
  "language": "python",
  "timestamp": 1771890052.4598002,
  "saved_at": 1771891119.2629995
}