{
  "id": "9c865771-a79c-4c38-87ad-0baa35a169ec",
  "generation": 3,
  "iteration": 85,
  "current_iteration": 85,
  "metrics": {
    "validity": 1.0,
    "sum_radii": 2.625353835894267,
    "target_ratio": 0.996339216658166,
    "combined_score": 0.996339216658166,
    "radius_variance": 0.0057788413229477266,
    "spatial_spread": 0.1995975676805974,
    "eval_time": 1.30222487449646
  },
  "language": "python",
  "timestamp": 1771624784.913739,
  "saved_at": 1771624784.9452605
}