{
  "id": "aef426a0-69f0-4b75-bb4f-6e7f91c9fa70",
  "generation": 9,
  "iteration": 245,
  "current_iteration": 300,
  "metrics": {
    "score": 0.9974422000000001,
    "combined_score": 0.9974422000000001,
    "compile_success": 1.0,
    "correctness": 1,
    "performance_score": 0.996215,
    "adaptability_score": 0.999283,
    "avg_time": 0.000379898
  },
  "language": "unknown",
  "timestamp": 1773806033.0577137,
  "saved_at": 1773807566.753987
}