{
  "id": "f778157f-c4cd-4693-b3d6-2d539d46ab74",
  "generation": 4,
  "iteration": 96,
  "current_iteration": 95,
  "metrics": {
    "validity": 1.0,
    "sum_radii": 2.631093586498165,
    "target_ratio": 0.998517490132131,
    "combined_score": 0.998517490132131,
    "radius_variance": 0.005551894047569541,
    "spatial_spread": 0.19740718412430547,
    "eval_time": 1.165604829788208
  },
  "language": "python",
  "timestamp": 1771625013.1116762,
  "saved_at": 1771625030.5155947
}