{
  "id": "1778a329-df7b-4c90-8baa-b6074f917b25",
  "generation": 4,
  "iteration": 64,
  "timestamp": 1771882685.5484443,
  "parent_id": "5138e23d-b206-4ffe-8901-810f5cc5b4c3",
  "metrics": {
    "validity": 1.0,
    "sum_radii": 2.6300068214938874,
    "target_ratio": 0.9981050555954033,
    "combined_score": 0.9981050555954033,
    "radius_variance": 0.0049131466570934606,
    "spatial_spread": 0.18572534983818598,
    "eval_time": 45.53028607368469
  },
  "language": "python",
  "saved_at": 1771884775.1267595
}