{
  "id": "ea276ae3-999c-4ae3-87e0-765c640548e7",
  "generation": 2,
  "iteration": 13,
  "current_iteration": 20,
  "metrics": {
    "validity": 1.0,
    "sum_radii": 2.6304025622164517,
    "target_ratio": 0.9982552418278755,
    "combined_score": 0.9982552418278755,
    "radius_variance": 0.004865452134806958,
    "spatial_spread": 0.18572110066036143,
    "eval_time": 6.444270849227905
  },
  "language": "python",
  "timestamp": 1771888522.4556289,
  "saved_at": 1771888802.3882382
}