{
  "id": "58a66156-9aeb-4f09-b87d-0c4ed6326f79",
  "generation": 4,
  "iteration": 93,
  "current_iteration": 100,
  "metrics": {
    "validity": 1.0,
    "sum_radii": 2.6310935890984393,
    "target_ratio": 0.9985174911189524,
    "combined_score": 0.9985174911189524,
    "radius_variance": 0.0055518940475690216,
    "spatial_spread": 0.19740718412430527,
    "eval_time": 6.370176076889038
  },
  "language": "python",
  "timestamp": 1771630970.6379085,
  "saved_at": 1771631206.8608706
}