{
  "id": "5d8cf7cb-0ab1-46e8-aa7f-9397fe4a243c",
  "generation": 2,
  "iteration": 12,
  "current_iteration": 25,
  "metrics": {
    "validity": 1.0,
    "sum_radii": 2.6320426530177548,
    "target_ratio": 0.9988776671794136,
    "combined_score": 0.9988776671794136,
    "radius_variance": 0.00450434451130951,
    "spatial_spread": 0.1884076697994061,
    "eval_time": 12.451452732086182
  },
  "language": "python",
  "timestamp": 1772003331.9414458,
  "saved_at": 1772004353.502715
}