{
  "id": "7cb83280-dd36-4e36-8b4a-d119664582f9",
  "generation": 2,
  "iteration": 28,
  "current_iteration": 30,
  "metrics": {
    "validity": 1.0,
    "sum_radii": 2.204283736624963,
    "target_ratio": 0.8365403175047299,
    "combined_score": 0.8365403175047299,
    "radius_variance": 0.014888346919172811,
    "spatial_spread": 0.19580796604776918,
    "eval_time": 52.55170917510986
  },
  "language": "python",
  "timestamp": 1771880998.9297888,
  "saved_at": 1771881071.4664798
}