{
  "id": "f2ced48c-8643-4979-b7cd-0c62a210d30d",
  "generation": 1,
  "iteration": 7,
  "current_iteration": 15,
  "metrics": {
    "validity": 1.0,
    "sum_radii": 2.6355143592089623,
    "target_ratio": 1.0001952027358492,
    "combined_score": 1.0001952027358492,
    "radius_variance": 0.004488808088140577,
    "spatial_spread": 0.18842246290531667,
    "eval_time": 3.6588120460510254
  },
  "language": "python",
  "timestamp": 1771992687.5073757,
  "saved_at": 1771993091.5000834
}