{
  "id": "7c62f944-dc3e-4aba-b7fe-676376a95365",
  "generation": 2,
  "iteration": 66,
  "current_iteration": 85,
  "metrics": {
    "score": 0.9794636,
    "combined_score": 0.9794636,
    "compile_success": 1.0,
    "correctness": 1,
    "performance_score": 0.96841,
    "adaptability_score": 0.996044,
    "avg_time": 0.00326207
  },
  "language": "unknown",
  "timestamp": 1773766052.371618,
  "saved_at": 1773766820.812454
}