{
  "id": "d3ede46d-f798-45f7-9d85-4e6d5180bb3a",
  "generation": 12,
  "iteration": 432,
  "current_iteration": 465,
  "metrics": {
    "score": 0.9974841999999999,
    "combined_score": 0.9974841999999999,
    "compile_success": 1.0,
    "correctness": 1,
    "performance_score": 0.996277,
    "adaptability_score": 0.999295,
    "avg_time": 0.000373652
  },
  "language": "unknown",
  "timestamp": 1773811627.3974774,
  "saved_at": 1773812527.798999
}