{
  "id": "f1d88842-e9d8-4378-b92e-d8eba67d991a",
  "generation": 1,
  "iteration": 8,
  "current_iteration": 10,
  "metrics": {
    "validity": 1.0,
    "sum_radii": 2.628236055372338,
    "target_ratio": 0.997433038091969,
    "combined_score": 0.997433038091969,
    "radius_variance": 0.004914002685095077,
    "spatial_spread": 0.19101512059709078,
    "eval_time": 8.534646034240723
  },
  "language": "python",
  "timestamp": 1771994608.8851557,
  "saved_at": 1771994898.9023838
}