{
  "id": "9c62ee83-cbc1-400d-adc3-a70e6e3f70c7",
  "generation": 2,
  "iteration": 49,
  "current_iteration": 60,
  "metrics": {
    "validity": 1.0,
    "sum_radii": 2.6289024020226384,
    "target_ratio": 0.9976859210712101,
    "combined_score": 0.9976859210712101,
    "radius_variance": 0.004950301792583467,
    "spatial_spread": 0.18579813382497223,
    "eval_time": 45.39852690696716
  },
  "language": "python",
  "timestamp": 1771882125.8127995,
  "saved_at": 1771882600.7009125
}