{
  "id": "9e1b7ec9-cafd-4117-b262-133f787a7a4e",
  "generation": 4,
  "iteration": 20,
  "current_iteration": 20,
  "metrics": {
    "score": 0.9634126000000001,
    "combined_score": 0.9634126000000001,
    "compile_success": 1.0,
    "correctness": 1,
    "performance_score": 0.943743,
    "adaptability_score": 0.992917,
    "avg_time": 0.00596111
  },
  "language": "unknown",
  "timestamp": 1772751248.0554585,
  "saved_at": 1772751248.067044
}