{
  "id": "bbd91099-53bf-4108-92e6-436da71cf225",
  "generation": 4,
  "iteration": 33,
  "current_iteration": 85,
  "metrics": {
    "validity": 1.0,
    "sum_radii": 2.631093589098101,
    "target_ratio": 0.9985174911188239,
    "combined_score": 0.9985174911188239,
    "radius_variance": 0.0055518940475694145,
    "spatial_spread": 0.19740718412430547,
    "eval_time": 4.254320383071899
  },
  "language": "python",
  "timestamp": 1771629694.5982826,
  "saved_at": 1771630824.7829268
}