{
  "id": "4b19e1a2-fca5-4b77-b5b4-6227daa3eb2c",
  "generation": 2,
  "iteration": 11,
  "timestamp": 1772010903.0646656,
  "parent_id": "64bdc43a-5755-4a73-9633-da07e7c0b03d",
  "metrics": {
    "validity": 1.0,
    "sum_radii": 2.635977394731491,
    "target_ratio": 1.0003709277918373,
    "combined_score": 1.0003709277918373,
    "radius_variance": 0.0045288971116477506,
    "spatial_spread": 0.18786959326575237,
    "eval_time": 22.356685161590576
  },
  "language": "python",
  "saved_at": 1772011944.902575
}