{
  "id": "a0edf576-706c-43e0-ae3a-aa32abef8d5b",
  "generation": 2,
  "iteration": 7,
  "timestamp": 1772747241.3022509,
  "parent_id": "7f06b9d3-7da3-464d-8df2-23bcc64b6618",
  "metrics": {
    "score": 0.9893586,
    "combined_score": 0.9893586,
    "compile_success": 1.0,
    "correctness": 1,
    "performance_score": 0.983603,
    "adaptability_score": 0.997992,
    "avg_time": 0.001667
  },
  "language": "unknown",
  "saved_at": 1772747393.490144
}