{
  "id": "8611e8ad-a3cc-4f47-af02-50fba630c289",
  "generation": 3,
  "iteration": 58,
  "current_iteration": 65,
  "metrics": {
    "validity": 1.0,
    "sum_radii": 2.630151287781714,
    "target_ratio": 0.998159881511087,
    "combined_score": 0.998159881511087,
    "radius_variance": 0.0044524011540115335,
    "spatial_spread": 0.18790331158458853,
    "eval_time": 37.13309168815613
  },
  "language": "python",
  "timestamp": 1771876154.1218073,
  "saved_at": 1771876400.300261
}