{
  "id": "734b7ae0-2e16-475d-ae43-cb1e3aa2c4c5",
  "generation": 5,
  "iteration": 88,
  "current_iteration": 90,
  "metrics": {
    "score": 0.9973428,
    "combined_score": 0.9973428,
    "compile_success": 1.0,
    "correctness": 1,
    "performance_score": 0.99605,
    "adaptability_score": 0.999282,
    "avg_time": 0.000396551
  },
  "language": "unknown",
  "timestamp": 1773800905.4093773,
  "saved_at": 1773800986.558386
}