{
  "id": "86026441-6372-4a80-b899-33534e56e744",
  "generation": 6,
  "iteration": 95,
  "current_iteration": 130,
  "metrics": {
    "score": 0.978883,
    "combined_score": 0.978883,
    "compile_success": 1.0,
    "correctness": 1,
    "performance_score": 0.967379,
    "adaptability_score": 0.996139,
    "avg_time": 0.00337209
  },
  "language": "unknown",
  "timestamp": 1772754204.871898,
  "saved_at": 1772755521.9832778
}