{
  "id": "4f6ff516-2346-48d4-8ad5-eec4fe6fd15b",
  "generation": 2,
  "iteration": 47,
  "current_iteration": 50,
  "metrics": {
    "validity": 1.0,
    "sum_radii": 2.628262438404753,
    "target_ratio": 0.9974430506279898,
    "combined_score": 0.9974430506279898,
    "radius_variance": 0.005545515062576479,
    "spatial_spread": 0.19738406519294888,
    "eval_time": 29.790595769882202
  },
  "language": "python",
  "timestamp": 1771875398.0975316,
  "saved_at": 1771875640.945032
}