{
  "id": "19464a8d-7f45-4cbd-9d5a-975c1c93ef3e",
  "generation": 2,
  "iteration": 15,
  "current_iteration": 15,
  "metrics": {
    "validity": 1.0,
    "sum_radii": 2.6115143158381198,
    "target_ratio": 0.991087026883537,
    "combined_score": 0.991087026883537,
    "radius_variance": 0.006674405242070003,
    "spatial_spread": 0.18194366453978997,
    "eval_time": 1.7123374938964844
  },
  "language": "python",
  "timestamp": 1771873674.3223393,
  "saved_at": 1771873674.334267
}