{
  "id": "b85830fc-6e8b-4e0a-b523-f2ccc203d604",
  "generation": 11,
  "iteration": 230,
  "current_iteration": 235,
  "metrics": {
    "score": 0.9974254,
    "combined_score": 0.9974254,
    "compile_success": 1.0,
    "correctness": 1,
    "performance_score": 0.996177,
    "adaptability_score": 0.999298,
    "avg_time": 0.000383778
  },
  "language": "unknown",
  "timestamp": 1773805572.769541,
  "saved_at": 1773805808.8901505
}