{
  "id": "64bdc43a-5755-4a73-9633-da07e7c0b03d",
  "generation": 1,
  "iteration": 1,
  "current_iteration": 5,
  "metrics": {
    "validity": 1.0,
    "sum_radii": 2.6295790279875892,
    "target_ratio": 0.9979427051186298,
    "combined_score": 0.9979427051186298,
    "radius_variance": 0.0051900496360312715,
    "spatial_spread": 0.20350228112297056,
    "eval_time": 9.70121955871582
  },
  "language": "python",
  "timestamp": 1772010206.5206532,
  "saved_at": 1772010413.247013
}