{
  "id": "a5331905-d338-4c35-828d-7cfd71c72000",
  "generation": 1,
  "iteration": 11,
  "timestamp": 1772008376.1472216,
  "parent_id": "201d40dc-bb69-49d5-845b-63f8cc19f717",
  "metrics": {
    "validity": 1.0,
    "sum_radii": 2.6357482497720657,
    "target_ratio": 1.0002839657578997,
    "combined_score": 1.0002839657578997,
    "radius_variance": 0.0044917194241955,
    "spatial_spread": 0.18849766745261778,
    "eval_time": 4.3045055866241455
  },
  "language": "python",
  "saved_at": 1772009833.3645947
}