{
  "id": "3fdfdc5d-9a98-4777-a61c-0d82e21fdba9",
  "generation": 8,
  "iteration": 423,
  "current_iteration": 430,
  "metrics": {
    "score": 0.99745,
    "combined_score": 0.99745,
    "compile_success": 1.0,
    "correctness": 1,
    "performance_score": 0.996222,
    "adaptability_score": 0.999292,
    "avg_time": 0.00037921
  },
  "language": "unknown",
  "timestamp": 1773811362.9468527,
  "saved_at": 1773811497.6632936
}