{
  "id": "6b8d5e61-6a92-4250-9161-987713519f8a",
  "generation": 3,
  "iteration": 32,
  "current_iteration": 50,
  "metrics": {
    "validity": 1.0,
    "sum_radii": 2.5414213536373094,
    "target_ratio": 0.9644862822152978,
    "combined_score": 0.9644862822152978,
    "radius_variance": 0.0020304482278557367,
    "spatial_spread": 0.19189580122579092,
    "eval_time": 0.6403281688690186
  },
  "language": "python",
  "timestamp": 1771623606.0814407,
  "saved_at": 1771623986.099619
}