{
  "id": "ef91efe9-a87c-4ea5-bac1-131a8c6d2df6",
  "generation": 4,
  "iteration": 31,
  "current_iteration": 35,
  "metrics": {
    "validity": 1.0,
    "sum_radii": 2.634291996074401,
    "target_ratio": 0.9997313078081219,
    "combined_score": 0.9997313078081219,
    "radius_variance": 0.0048905746637125875,
    "spatial_spread": 0.18564868794518377,
    "eval_time": 16.916457176208496
  },
  "language": "python",
  "timestamp": 1771889396.3770745,
  "saved_at": 1771889471.3403633
}