{
  "id": "393c578e-30ba-4eac-8fac-e6ec4479ca0f",
  "generation": 3,
  "iteration": 22,
  "current_iteration": 30,
  "metrics": {
    "validity": 1.0,
    "sum_radii": 2.6204814835605243,
    "target_ratio": 0.9944901265884344,
    "combined_score": 0.9944901265884344,
    "radius_variance": 0.005989852497946368,
    "spatial_spread": 0.1898595412333681,
    "eval_time": 3.910581111907959
  },
  "language": "python",
  "timestamp": 1771874009.8300226,
  "saved_at": 1771874386.4305484
}