{
  "id": "fec583c7-7e7c-448f-8f21-7d118f331386",
  "generation": 3,
  "iteration": 53,
  "current_iteration": 55,
  "metrics": {
    "validity": 1.0,
    "sum_radii": 2.541421356217309,
    "target_ratio": 0.9644862831944248,
    "combined_score": 0.9644862831944248,
    "radius_variance": 0.0020304482278002767,
    "spatial_spread": 0.19189580122579092,
    "eval_time": 0.36572718620300293
  },
  "language": "python",
  "timestamp": 1771624093.1434896,
  "saved_at": 1771624095.589254
}