{
  "id": "5508c1f2-2c49-4fae-884b-49b5c803e174",
  "generation": 4,
  "iteration": 39,
  "current_iteration": 45,
  "metrics": {
    "score": 0.9891948553817138,
    "combined_score": 0.9891948553817138,
    "compile_success": 1.0,
    "correctness": 1,
    "performance_score": 0.9833606266222508,
    "adaptability_score": 0.9979461985209083,
    "avg_time": 0.0016920926999999999,
    "memory_safe": 1.0
  },
  "language": "rust",
  "timestamp": 1772738515.6942523,
  "saved_at": 1772738739.136335
}