{
  "id": "4503e066-9282-40fd-8b2d-379c777df4aa",
  "generation": 1,
  "iteration": 1,
  "current_iteration": 10,
  "metrics": {
    "validity": 1.0,
    "sum_radii": 2.6278426009899953,
    "target_ratio": 0.9972837195407953,
    "combined_score": 0.9972837195407953,
    "radius_variance": 0.005682087841941037,
    "spatial_spread": 0.19263923535032368,
    "eval_time": 10.98525094985962
  },
  "language": "python",
  "timestamp": 1772005225.8637936,
  "saved_at": 1772005745.069404
}