{
  "id": "67e818a1-a6b0-4efa-90b0-5057ee9829fe",
  "generation": 0,
  "iteration": 0,
  "current_iteration": 10,
  "metrics": {
    "validity": 1.0,
    "sum_radii": 0.9597642169962064,
    "target_ratio": 0.36423689449571406,
    "combined_score": 0.36423689449571406,
    "radius_variance": 0.026599407523434117,
    "spatial_spread": 0.23809223949931868
  },
  "language": "python",
  "timestamp": 1771622527.840973,
  "saved_at": 1771622979.9765887
}