{
  "id": "80c9957a-1fb2-4ef7-91ce-09195e507981",
  "generation": 2,
  "iteration": 17,
  "current_iteration": 20,
  "metrics": {
    "validity": 1.0,
    "sum_radii": 1.8831636265839886,
    "target_ratio": 0.7146731030679274,
    "combined_score": 0.7146731030679274,
    "radius_variance": 0.01546046039768405,
    "spatial_spread": 0.20911486970195597,
    "eval_time": 44.01445198059082
  },
  "language": "python",
  "timestamp": 1771880527.7230034,
  "saved_at": 1771880605.678756
}