{
  "id": "143f0ebd-91f4-4a3d-9600-43b7fa2daaec",
  "generation": 10,
  "iteration": 466,
  "current_iteration": 490,
  "metrics": {
    "score": 0.9975064,
    "combined_score": 0.9975064,
    "compile_success": 1.0,
    "correctness": 1,
    "performance_score": 0.99631,
    "adaptability_score": 0.999301,
    "avg_time": 0.00037039
  },
  "language": "unknown",
  "timestamp": 1773812574.3578064,
  "saved_at": 1773813344.6676912
}