{
  "id": "52b265ef-4d08-45e5-a181-82bba58da3eb",
  "generation": 2,
  "iteration": 25,
  "current_iteration": 30,
  "metrics": {
    "validity": 1.0,
    "sum_radii": 2.6359830837163325,
    "target_ratio": 1.0003730867993672,
    "combined_score": 1.0003730867993672,
    "radius_variance": 0.004535707156429371,
    "spatial_spread": 0.1885062350723234,
    "eval_time": 5.8835225105285645
  },
  "language": "python",
  "timestamp": 1771999859.9642942,
  "saved_at": 1772000216.8599136
}