{
  "id": "7fcc3f1b-00a0-4c5a-9c85-14455556eed4",
  "generation": 2,
  "iteration": 8,
  "current_iteration": 15,
  "metrics": {
    "score": 0.963204,
    "combined_score": 0.963204,
    "compile_success": 1.0,
    "correctness": 1,
    "performance_score": 0.943424,
    "adaptability_score": 0.992874,
    "avg_time": 0.00599687
  },
  "language": "unknown",
  "timestamp": 1772750846.1824136,
  "saved_at": 1772751044.0218635
}