{
  "id": "3452866a-0bd3-425c-bfa3-da988d44afdb",
  "generation": 5,
  "iteration": 90,
  "current_iteration": 90,
  "metrics": {
    "validity": 1.0,
    "sum_radii": 2.620271278878678,
    "target_ratio": 0.9944103525156275,
    "combined_score": 0.9944103525156275,
    "radius_variance": 0.0057042208325641264,
    "spatial_spread": 0.19690425538797876,
    "eval_time": 48.08810114860535
  },
  "language": "python",
  "timestamp": 1771870971.6034918,
  "saved_at": 1771870971.6660566
}