{
  "id": "bbb84fd2-4c9c-4670-b92c-4cdefff5b5a6",
  "generation": 2,
  "iteration": 7,
  "current_iteration": 10,
  "metrics": {
    "score": 0.9772614,
    "combined_score": 0.9772614,
    "compile_success": 1.0,
    "correctness": 1,
    "performance_score": 0.965001,
    "adaptability_score": 0.995652,
    "avg_time": 0.0036268
  },
  "language": "unknown",
  "timestamp": 1773767885.4053988,
  "saved_at": 1773767911.8934016
}