{
  "id": "244774a3-575d-4a25-9a5f-688165cd1656",
  "generation": 3,
  "iteration": 39,
  "current_iteration": 40,
  "metrics": {
    "score": 0.9784264,
    "combined_score": 0.9784264,
    "compile_success": 1.0,
    "correctness": 1,
    "performance_score": 0.966654,
    "adaptability_score": 0.996085,
    "avg_time": 0.00344963
  },
  "language": "unknown",
  "timestamp": 1772751905.583985,
  "saved_at": 1772751907.2817326
}