{
  "id": "b540d9d8-155d-4684-881b-0e6942b374b2",
  "generation": 0,
  "iteration": 0,
  "current_iteration": 20,
  "metrics": {
    "validity": 1.0,
    "sum_radii": 2.631093586498165,
    "target_ratio": 0.998517490132131,
    "combined_score": 0.998517490132131,
    "radius_variance": 0.005551894047569541,
    "spatial_spread": 0.19740718412430547,
    "eval_time": 1.1857151985168457
  },
  "language": "python",
  "timestamp": 1771628652.6177764,
  "saved_at": 1771629392.797027
}