{
  "id": "1ffeb2c6-b233-4a9f-b214-b0dccd024c4e",
  "generation": 2,
  "iteration": 12,
  "current_iteration": 15,
  "metrics": {
    "validity": 1.0,
    "sum_radii": 2.6304601194579185,
    "target_ratio": 0.9982770851832709,
    "combined_score": 0.9982770851832709,
    "radius_variance": 0.0046577749210686414,
    "spatial_spread": 0.19087048796144115,
    "eval_time": 7.44667387008667
  },
  "language": "python",
  "timestamp": 1771998987.94724,
  "saved_at": 1771999186.4029536
}