{
  "id": "fbd983df-7ff5-4611-a019-06f45096f9e5",
  "generation": 1,
  "iteration": 2,
  "current_iteration": 5,
  "metrics": {
    "validity": 1.0,
    "sum_radii": 2.137730808269239,
    "target_ratio": 0.8112830391913621,
    "combined_score": 0.8112830391913621,
    "radius_variance": 0.007968683730014917,
    "spatial_spread": 0.18905484911586046,
    "eval_time": 0.5019717216491699
  },
  "language": "python",
  "timestamp": 1771868560.830556,
  "saved_at": 1771868799.7377088
}