{
  "id": "5fc12833-4f32-4d8f-bdfe-3a64d9ce8a4e",
  "generation": 1,
  "iteration": 9,
  "current_iteration": 10,
  "metrics": {
    "validity": 1.0,
    "sum_radii": 2.4556500167967377,
    "target_ratio": 0.9319354902454413,
    "combined_score": 0.9319354902454413,
    "radius_variance": 0.00035241760346652073,
    "spatial_spread": 0.19480923773191144,
    "eval_time": 0.5164246559143066
  },
  "language": "python",
  "timestamp": 1771868902.1810706,
  "saved_at": 1771868921.7881603
}