{
  "id": "59e3fc32-f034-46e4-8122-8634fd42a285",
  "generation": 1,
  "iteration": 6,
  "current_iteration": 10,
  "metrics": {
    "validity": 1.0,
    "sum_radii": 2.6332888835357826,
    "target_ratio": 0.9993506199376785,
    "combined_score": 0.9993506199376785,
    "radius_variance": 0.004450120157964507,
    "spatial_spread": 0.18884477954519804,
    "eval_time": 26.32379984855652
  },
  "language": "python",
  "timestamp": 1772010474.93728,
  "saved_at": 1772010782.5119982
}