{
  "id": "416d6d96-ab8f-4ca9-8582-5ad34346a13d",
  "generation": 4,
  "iteration": 82,
  "timestamp": 1771891624.2159595,
  "parent_id": "922cd7d7-3fbc-4c55-b363-3389ff8bb311",
  "metrics": {
    "validity": 1.0,
    "sum_radii": 2.6359830890821714,
    "target_ratio": 1.0003730888357387,
    "combined_score": 1.0003730888357387,
    "radius_variance": 0.004535707164957262,
    "spatial_spread": 0.18850623488382173,
    "eval_time": 7.677088022232056
  },
  "language": "python",
  "saved_at": 1771892450.6883314
}