{
  "id": "e8aa99b5-44d1-4c13-917b-69e92b44adbe",
  "generation": 0,
  "iteration": 0,
  "current_iteration": 15,
  "metrics": {
    "score": 0.979171883043176,
    "compile_success": 1.0,
    "correctness": 1,
    "performance_score": 0.9707150923965551,
    "adaptability_score": 0.9918570690131076,
    "avg_time": 0.0030168385999999998,
    "memory_safe": 1.0
  },
  "language": "rust",
  "timestamp": 1772729828.9234874,
  "saved_at": 1772730388.8639483
}