{"island_feature_maps": [{"4-4-4": "e8aa99b5-44d1-4c13-917b-69e92b44adbe", "7-7-7": "303b406a-36ea-42f0-b11b-39a42d6329b7"}, {"7-7-7": "e4341cdd-bfb5-4f05-868e-3d19fa5305fe"}, {"7-7-7": "e854958d-0c89-4dac-a76c-8465fa04d8df"}, {"7-7-7": "f78be55a-915b-4e81-a3c5-296c80ebdfd2"}], "islands": [["bcff3610-b046-40e6-8a4d-7842f832544b", "303b406a-36ea-42f0-b11b-39a42d6329b7", "e8aa99b5-44d1-4c13-917b-69e92b44adbe", "4ec88f64-d322-4af0-9bd7-b60008e4aa2d", "19589b86-a5be-4c77-a2d0-84c196079679"], ["7c29d041-6fd2-456f-a60c-4821d97747d1", "685d251f-074f-4462-ba64-aca4ad200264", "e4341cdd-bfb5-4f05-868e-3d19fa5305fe"], ["e511f1d0-915b-46a5-a242-19706bd5dcfc", "e854958d-0c89-4dac-a76c-8465fa04d8df"], ["f78be55a-915b-4e81-a3c5-296c80ebdfd2", "d7eb6276-862a-4113-b8de-bb13f206495e", "686ec488-97e7-49e3-bd1a-1d290a44c8bf"]], "archive": ["685d251f-074f-4462-ba64-aca4ad200264", "bcff3610-b046-40e6-8a4d-7842f832544b", "e854958d-0c89-4dac-a76c-8465fa04d8df", "303b406a-36ea-42f0-b11b-39a42d6329b7", "e8aa99b5-44d1-4c13-917b-69e92b44adbe", "f78be55a-915b-4e81-a3c5-296c80ebdfd2", "e511f1d0-915b-46a5-a242-19706bd5dcfc", "4ec88f64-d322-4af0-9bd7-b60008e4aa2d", "d7eb6276-862a-4113-b8de-bb13f206495e", "19589b86-a5be-4c77-a2d0-84c196079679", "7c29d041-6fd2-456f-a60c-4821d97747d1", "686ec488-97e7-49e3-bd1a-1d290a44c8bf", "e4341cdd-bfb5-4f05-868e-3d19fa5305fe"], "best_program_id": "e8aa99b5-44d1-4c13-917b-69e92b44adbe", "island_best_programs": ["e8aa99b5-44d1-4c13-917b-69e92b44adbe", "e4341cdd-bfb5-4f05-868e-3d19fa5305fe", "e854958d-0c89-4dac-a76c-8465fa04d8df", "f78be55a-915b-4e81-a3c5-296c80ebdfd2"], "last_iteration": 15, "current_island": 0, "island_generations": [4, 3, 3, 3], "last_migration_generation": 0, "feature_stats": {"score": {"min": 0.979171883043176, "max": 0.9990153415036387, "values": [0.979171883043176, 0.998668705668927, 0.9988507818970024, 0.998789306722758, 0.9985555059335594, 0.9990153415036387, 0.9988723101936176, 0.99891611091182, 0.9989909237278447, 0.9989358215237389, 0.9987503702770556, 0.998797284851283, 0.9987967962671698, 0.9988107701006179]}, "performance_score": {"min": 0.9707150923965551, "max": 0.998474869575718, "values": [0.9707150923965551, 0.9979209315312477, 0.9982239698950026, 0.9981286983350746, 0.9977393610675281, 0.998474869575718, 0.9982564761846466, 0.9983250999964849, 0.9984380235871398, 0.9983451929254664, 0.998048515737179, 0.9981295451575566, 0.998136578820999, 0.9981586567994559]}, "adaptability_score": {"min": 0.9918570690131076, "max": 0.9998260493955198, "values": [0.9918570690131076, 0.9997903668754458, 0.9997909999000021, 0.9997802193042832, 0.9997797232326062, 0.9998260493955198, 0.9997960612070739, 0.9998026272848225, 0.9998202739389019, 0.9998217644211475, 0.9998031520868704, 0.9997988943918729, 0.9997871224364261, 0.9997889400523609]}}}