{
  "id": "d4400eea-3a85-4047-b828-f7256a9a6a57",
  "generation": 13,
  "iteration": 222,
  "current_iteration": 225,
  "metrics": {
    "score": 0.9974252,
    "combined_score": 0.9974252,
    "compile_success": 1.0,
    "correctness": 1,
    "performance_score": 0.996192,
    "adaptability_score": 0.999275,
    "avg_time": 0.00038221
  },
  "language": "unknown",
  "timestamp": 1773805418.5075178,
  "saved_at": 1773805484.2010088
}