{
  "id": "83d87bcc-99a8-4aa4-a439-6949160b305b",
  "generation": 5,
  "iteration": 23,
  "current_iteration": 30,
  "metrics": {
    "score": 0.9791483999999999,
    "combined_score": 0.9791483999999999,
    "compile_success": 1.0,
    "correctness": 1,
    "performance_score": 0.96788,
    "adaptability_score": 0.996051,
    "avg_time": 0.00331855
  },
  "language": "unknown",
  "timestamp": 1773764570.2162428,
  "saved_at": 1773764571.545922
}