{
  "id": "0c51f262-1413-4707-8517-fb91ef714941",
  "generation": 2,
  "iteration": 17,
  "current_iteration": 20,
  "metrics": {
    "validity": 1.0,
    "sum_radii": 2.635977393956324,
    "target_ratio": 1.0003709274976562,
    "combined_score": 1.0003709274976562,
    "radius_variance": 0.0045288971110003864,
    "spatial_spread": 0.18786959325149583,
    "eval_time": 10.792120218276978
  },
  "language": "python",
  "timestamp": 1771999382.234682,
  "saved_at": 1771999585.7732685
}