{
  "id": "3b87416d-c09c-4d16-85dc-0ebf11e1f5d8",
  "generation": 1,
  "iteration": 4,
  "current_iteration": 15,
  "metrics": {
    "validity": 1.0,
    "sum_radii": 2.6282351791015657,
    "target_ratio": 0.9974327055413912,
    "combined_score": 0.9974327055413912,
    "radius_variance": 0.005687996504648762,
    "spatial_spread": 0.19269633282765425,
    "eval_time": 1.7648961544036865
  },
  "language": "python",
  "timestamp": 1771996308.8139,
  "saved_at": 1771997122.1479867
}