{
  "id": "9d9f4b4f-fae7-40b2-876a-e5a79b0dc59d",
  "generation": 4,
  "iteration": 48,
  "current_iteration": 55,
  "metrics": {
    "validity": 1.0,
    "sum_radii": 2.582548249109449,
    "target_ratio": 0.9800942121857493,
    "combined_score": 0.9800942121857493,
    "radius_variance": 0.00963506106172926,
    "spatial_spread": 0.1867252640646787,
    "eval_time": 5.993098974227905
  },
  "language": "python",
  "timestamp": 1771869930.891262,
  "saved_at": 1771869994.3727038
}