{
  "id": "bca6f14f-05c6-41f7-bb17-b340b6ddfc11",
  "generation": 5,
  "iteration": 64,
  "current_iteration": 80,
  "metrics": {
    "validity": 1.0,
    "sum_radii": 2.614237067869412,
    "target_ratio": 0.9921203293622057,
    "combined_score": 0.9921203293622057,
    "radius_variance": 0.0067524989779466915,
    "spatial_spread": 0.1935099180472067,
    "eval_time": 8.976496696472168
  },
  "language": "python",
  "timestamp": 1771870204.907287,
  "saved_at": 1771870680.9018857
}