{
  "id": "f4f83f23-bf83-4126-a573-9cc37e0012bf",
  "generation": 2,
  "iteration": 9,
  "current_iteration": 10,
  "metrics": {
    "validity": 1.0,
    "sum_radii": 2.4379091572138885,
    "target_ratio": 0.9252027162102044,
    "combined_score": 0.9252027162102044,
    "radius_variance": 0.00377061968467275,
    "spatial_spread": 0.18507378911878983,
    "eval_time": 1.560215950012207
  },
  "language": "python",
  "timestamp": 1771873392.9244714,
  "saved_at": 1771873533.3355193
}