{
  "id": "83e6cd7c-07da-4b60-94a7-2fdc3e910ab9",
  "generation": 12,
  "iteration": 198,
  "current_iteration": 220,
  "metrics": {
    "score": 0.9974000000000001,
    "combined_score": 0.9974000000000001,
    "compile_success": 1.0,
    "correctness": 1,
    "performance_score": 0.996158,
    "adaptability_score": 0.999263,
    "avg_time": 0.00038565
  },
  "language": "unknown",
  "timestamp": 1773804701.7582226,
  "saved_at": 1773805338.6600032
}