{
  "id": "74424798-65e2-4ecc-9112-dd435a8a5644",
  "generation": 6,
  "iteration": 98,
  "current_iteration": 100,
  "metrics": {
    "validity": 1.0,
    "sum_radii": 2.6244136525082165,
    "target_ratio": 0.9959824108190576,
    "combined_score": 0.9959824108190576,
    "radius_variance": 0.005566034192113814,
    "spatial_spread": 0.19184955804849213,
    "eval_time": 45.140918016433716
  },
  "language": "python",
  "timestamp": 1771871196.880041,
  "saved_at": 1771871196.9187977
}