{
  "id": "58b9b801-7656-463f-87c4-d44a5ccfd6b9",
  "generation": 4,
  "iteration": 30,
  "current_iteration": 40,
  "metrics": {
    "validity": 1.0,
    "sum_radii": 2.5002484320529845,
    "target_ratio": 0.9488608850295958,
    "combined_score": 0.9488608850295958,
    "radius_variance": 0.004669415213300042,
    "spatial_spread": 0.19549166098818074,
    "eval_time": 6.441580295562744
  },
  "language": "python",
  "timestamp": 1771869567.7296116,
  "saved_at": 1771869721.1850624
}