{
  "id": "180beb65-ded2-4ef1-9746-e2e1856a3f3e",
  "generation": 5,
  "iteration": 74,
  "current_iteration": 85,
  "metrics": {
    "score": 0.9973270000000001,
    "combined_score": 0.9973270000000001,
    "compile_success": 1.0,
    "correctness": 1,
    "performance_score": 0.996039,
    "adaptability_score": 0.999259,
    "avg_time": 0.000397652
  },
  "language": "unknown",
  "timestamp": 1773800511.9650972,
  "saved_at": 1773800825.3423378
}