{
  "id": "90e73e64-57aa-40fc-83c1-62e331860f4c",
  "generation": 2,
  "iteration": 12,
  "current_iteration": 20,
  "metrics": {
    "validity": 1.0,
    "sum_radii": 2.630434868886659,
    "target_ratio": 0.9982675024237795,
    "combined_score": 0.9982675024237795,
    "radius_variance": 0.005032305250079504,
    "spatial_spread": 0.18463919682348381,
    "eval_time": 45.21566390991211
  },
  "language": "python",
  "timestamp": 1772006159.657062,
  "saved_at": 1772006643.414933
}