{
  "id": "6f5a1fc1-abb3-4325-89bd-52835290b7b4",
  "generation": 3,
  "iteration": 74,
  "current_iteration": 75,
  "metrics": {
    "validity": 1.0,
    "sum_radii": 2.635983084691875,
    "target_ratio": 1.000373087169592,
    "combined_score": 1.000373087169592,
    "radius_variance": 0.004535707153417987,
    "spatial_spread": 0.1885062350690532,
    "eval_time": 18.579264402389526
  },
  "language": "python",
  "timestamp": 1771891227.607321,
  "saved_at": 1771891295.9540567
}