{
  "id": "febc5e4f-bc0e-4731-9a51-e826c4ef2a24",
  "generation": 4,
  "iteration": 80,
  "current_iteration": 85,
  "metrics": {
    "score": 0.9788555999999999,
    "combined_score": 0.9788555999999999,
    "compile_success": 1.0,
    "correctness": 1,
    "performance_score": 0.967344,
    "adaptability_score": 0.996123,
    "avg_time": 0.00337589
  },
  "language": "unknown",
  "timestamp": 1772753605.267657,
  "saved_at": 1772753791.4887981
}