{
  "id": "8a4aa9f9-dd2b-468b-b624-9ff8dae85f58",
  "generation": 1,
  "iteration": 1,
  "current_iteration": 5,
  "metrics": {
    "validity": 1.0,
    "sum_radii": 2.6167134525777804,
    "target_ratio": 0.9930601338056093,
    "combined_score": 0.9930601338056093,
    "radius_variance": 0.004928816631844541,
    "spatial_spread": 0.19822098572212055,
    "eval_time": 4.92530083656311
  },
  "language": "python",
  "timestamp": 1771901665.0342405,
  "saved_at": 1771901827.60616
}