{
  "id": "079d4ac0-4e3b-4e13-81a8-3e049fe1d7b4",
  "generation": 5,
  "iteration": 18,
  "current_iteration": 25,
  "metrics": {
    "score": 0.9808448,
    "combined_score": 0.9808448,
    "compile_success": 1.0,
    "correctness": 1,
    "performance_score": 0.97067,
    "adaptability_score": 0.996107,
    "avg_time": 0.00302159
  },
  "language": "unknown",
  "timestamp": 1773768285.4685261,
  "saved_at": 1773768456.545051
}