{
  "id": "6ca1818c-1776-492f-bb0d-8507d958c7ff",
  "generation": 3,
  "iteration": 10,
  "current_iteration": 15,
  "metrics": {
    "score": 0.9887543589608268,
    "combined_score": 0.9887543589608268,
    "compile_success": 1.0,
    "correctness": 1,
    "performance_score": 0.9826211191958644,
    "adaptability_score": 0.9979542186082704,
    "avg_time": 0.0017686248000000002,
    "memory_safe": 1.0
  },
  "language": "rust",
  "timestamp": 1772737331.537415,
  "saved_at": 1772737460.686606
}