{"island_feature_maps": [{"4-4-4": "17a4e889-f8f0-463f-bf28-ba176af7255d", "7-7-7": "259123a4-728f-430a-97bb-f69b10f88518"}, {"7-7-7": "6a326074-f9b1-45ba-bc36-387d8eac05ec"}, {"7-7-7": "6ca1818c-1776-492f-bb0d-8507d958c7ff"}, {"6-6-7": "c566a0e0-b51f-4481-9255-e40bbc7dac8f"}], "islands": [["17a4e889-f8f0-463f-bf28-ba176af7255d", "259123a4-728f-430a-97bb-f69b10f88518"], ["6a326074-f9b1-45ba-bc36-387d8eac05ec", "427a5b60-ef23-4904-b59a-d532b255c792"], ["6ca1818c-1776-492f-bb0d-8507d958c7ff"], ["cdc16a4f-4777-4c6f-8be5-d577479f7922", "c566a0e0-b51f-4481-9255-e40bbc7dac8f", "71829c3b-47a8-47e4-9839-3563b4091d07"]], "archive": ["6ca1818c-1776-492f-bb0d-8507d958c7ff", "cdc16a4f-4777-4c6f-8be5-d577479f7922", "71829c3b-47a8-47e4-9839-3563b4091d07", "c566a0e0-b51f-4481-9255-e40bbc7dac8f", "17a4e889-f8f0-463f-bf28-ba176af7255d", "6a326074-f9b1-45ba-bc36-387d8eac05ec", "427a5b60-ef23-4904-b59a-d532b255c792", "259123a4-728f-430a-97bb-f69b10f88518"], "best_program_id": "6ca1818c-1776-492f-bb0d-8507d958c7ff", "island_best_programs": ["259123a4-728f-430a-97bb-f69b10f88518", "6a326074-f9b1-45ba-bc36-387d8eac05ec", "6ca1818c-1776-492f-bb0d-8507d958c7ff", "c566a0e0-b51f-4481-9255-e40bbc7dac8f"], "last_iteration": 15, "current_island": 0, "island_generations": [4, 4, 3, 3], "last_migration_generation": 0, "feature_stats": {"score": {"min": 0.4101003275445581, "max": 0.9887543589608268, "values": [0.4101003275445581, 0.9771524512333933, 0.9761143830004576, 0.9734793562676115, 0.9758655595336323, 0.9039529920371137, 0.9765033814597588, 0.9740592021860867, 0.8831457897979387, 0.987072194742669, 0.9887543589608268, 0.9766948161549095, 0.9037381183217679, 0.9873098712949798, 0.9767187634726945]}, "performance_score": {"min": 0.2914924960744232, "max": 0.9826211191958644, "values": [0.2914924960744232, 0.965642410212787, 0.9640758656480339, 0.9601338632458065, 0.9636692584339365, 0.8629318117797468, 0.9646500636827728, 0.9609712464122451, 0.8353349204067536, 0.980013480614633, 0.9826211191958644, 0.9642757380955586, 0.8630515452374344, 0.9803888023951762, 0.96426994344416]}, "adaptability_score": {"min": 0.5880120747497605, "max": 0.9979542186082704, "values": [0.5880120747497605, 0.994417512764303, 0.9941721590290931, 0.9934975958003188, 0.9941600111831759, 0.965484762423164, 0.9942833581252376, 0.9936911358468492, 0.9548620938847162, 0.9976602659347229, 0.9979542186082704, 0.9953234332439358, 0.9647679779482682, 0.9976914746446851, 0.9953919935154965]}}}