{
  "id": "d85b7ba8-9d03-4d73-afcb-ba5dc07aab06",
  "generation": 2,
  "iteration": 67,
  "current_iteration": 75,
  "metrics": {
    "validity": 1.0,
    "sum_radii": 2.6303142542242632,
    "target_ratio": 0.9982217283583542,
    "combined_score": 0.9982217283583542,
    "radius_variance": 0.00493069403484182,
    "spatial_spread": 0.19587038753412667,
    "eval_time": 19.315521478652954
  },
  "language": "python",
  "timestamp": 1771876569.5752234,
  "saved_at": 1771876991.090713
}